id,user_id,merchant,date,total,tax,currency,payment_method,status,image_url,created_at,updated_at,fullText,ai_suggestions,predicted_category,processing_status,processing_error,processing_time,model_used,primary_method,has_alternative_data,discrepancies
00d5c96a-4a67-48ab-a772-a2f8a6760cbb,14367916-d0f8-4cdd-a916-4ff1a3e11c8f,AK NAIMI HOLDING SDN BHD,2025-04-02,157.50,,MYR,Master,reviewed,https://mpmkbtsufihzdelrlszs.supabase.co/storage/v1/object/public/receipt_images/14367916-d0f8-4cdd-a916-4ff1a3e11c8f/1743784874655_p48gspxkp7.jpeg,2025-04-04 16:41:15.172742+00,2025-04-04 16:41:15.172742+00,"ADDRESS: AK NAIMI HOLDING SDN BHD
(1423822-T)
No 7, Jalan Alfa F U6/F, Seksyen U6
Pusat Perdagangan Subang Permai,
40150 Shah Alam, Selangor.
STREET: No 7, Jalan Alfa F U6/F, Seksyen U6
Pusat Perdagangan Subang Permai,
CITY: Shah Alam,
STATE: Selangor.
ZIP_CODE: 40150
NAME: AK NAIMI HOLDING SDN BHD
ADDRESS_BLOCK: No 7, Jalan Alfa F U6/F, Seksyen U6
Pusat Perdagangan Subang Permai,
40150 Shah Alam, Selangor.
Cash Received :: 0.00
MASTER :: 157.50
INVOICE_RECEIPT_DATE: 02 Apr 2025
Inv No:: CS-0017151
Total Payable :: 157.50
Total Payable :: 157.50
VENDOR_ADDRESS: AK NAIMI HOLDING SDN BHD
(1423822-T)
No 7, Jalan Alfa F U6/F, Seksyen U6
Pusat Perdagangan Subang Permai,
40150 Shah Alam, Selangor.
VENDOR_NAME: AK NAIMI HOLDING SDN BHD
TEL:: 012-600 2186
S/P:: SALES
Item Count :: 10.0000
Change :: 0.00
","{""tax"":0,""date"":""2025-04-02"",""total"":null,""merchant"":null}",Groceries,,,,,,false,
017ba752-ac42-41d7-a1e9-863d40e0caa4,14367916-d0f8-4cdd-a916-4ff1a3e11c8f,SUPER SEVEN CASH & CARRY SDN BHD,2025-03-19,111.22,,MYR,MASTER CARD,reviewed,https://mpmkbtsufihzdelrlszs.supabase.co/storage/v1/object/public/receipt_images/14367916-d0f8-4cdd-a916-4ff1a3e11c8f/1743844958934_zzk7og9we2a.jpeg,2025-04-05 09:22:39.171922+00,2025-04-05 09:22:39.171922+00,"ADDRESS: SUPER SEVEN CASH & CARRY SDN BHD
(590150-A)
PASARAYA BORONG SUPER SEVEN
NO. 1 Jalan Euro 1
off jalan batu
Tiga
Sungai Buloh Seksyen U3 Shah Alam, 40150
STREET: NO. 1 Jalan Euro 1
off jalan batu
Tiga
STREET: Sungai Buloh Seksyen U3
CITY: Shah Alam,
ZIP_CODE: 40150
NAME: SUPER SDN BHD
ADDRESS_BLOCK: NO. 1 Jalan Euro 1
off jalan batu
Tiga
Sungai Buloh Seksyen U3 Shah Alam, 40150
Customer
:: [77913678]
INVOICE_RECEIPT_DATE: 19-03-2025
INVOICE NO :: 887054
Total Sales: RM 111.22
Net Total: RM 111.20
VENDOR_ADDRESS: SUPER SEVEN CASH & CARRY SDN BHD
(590150-A)
PASARAYA BORONG SUPER SEVEN
NO. 1 Jalan Euro 1
off jalan batu
Tiga
Sungai Buloh Seksyen U3 Shah Alam, 40150
VENDOR_NAME: SUPER SDN BHD
VENDOR_URL: http: //www.super7.com.my
COUNTER :: 001
OPERATOR :: [MUHAMMAD SAFWAN-CASHIER]
QUANTITY :: 10.644 Units
Rounding Adjustment: RM -0.02
Payment Method: MASTER CARD
","{""tax"":""0"",""date"":""2025-03-19"",""total"":""No suggestion"",""merchant"":""No suggestion""}",Groceries,,,,,,false,
0575eaeb-e4d1-4bba-83b0-5cd77c57a273,14367916-d0f8-4cdd-a916-4ff1a3e11c8f,"MY HERO
HYPERMARKET SDN BHD",2025-03-06,29.20,0.00,MYR,CASH,reviewed,https://mpmkbtsufihzdelrlszs.supabase.co/storage/v1/object/public/receipt_images/14367916-d0f8-4cdd-a916-4ff1a3e11c8f/1743862274491_gdo2ciit4y8.jpeg,2025-04-05 14:11:14.793699+00,2025-04-05 14:11:14.793699+00,"ADDRESS: MY HERO HYPERMARKET SDN BHD
(Subang Jasa) 666770-U
4243, Compleks Perniagaan Sri Gaya,
Jln Tmn Subang Jasa 3,
40150 Selangor
STREET: 4243, Compleks Perniagaan Sri Gaya,
Jln Tmn Subang Jasa 3,
STATE: Selangor
ZIP_CODE: 40150
NAME: MY HERO
HYPERMARKET SDN BHD
ADDRESS_BLOCK: 4243, Compleks Perniagaan Sri Gaya,
Jln Tmn Subang Jasa 3,
40150 Selangor
CASH: 50.00
Total Saving: 0.00
INVOICE_RECEIPT_DATE: 06/03/25
Invoice No:: SJP02202503060133
Sub Total: 29.20
Total: 29.20
VENDOR_ADDRESS: MY HERO HYPERMARKET SDN BHD
(Subang Jasa) 666770-U
4243, Compleks Perniagaan Sri Gaya,
Jln Tmn Subang Jasa 3,
40150 Selangor
VENDOR_NAME: MY HERO
HYPERMARKET SDN BHD
URL:: https: //myinvoice.biz-edoc.com/#/einvoice/selfgen
erate/?cc=HERO001
Cashier :: NORFAEZAH BT JAILANI
Total Item: 4
Total Qty: 6
Rounding: 0.00
Tender: CASH 50.00
Change 20.80
Change: 20.80
Point Missed:: 14
",,Groceries,,,,,,false,
070597b1-9da6-44be-a72a-c1c4e0782cf3,14367916-d0f8-4cdd-a916-4ff1a3e11c8f,AK NAIMI HOLDING SDN BHD,2025-04-02,157.50,0.00,MYR,Master,reviewed,https://mpmkbtsufihzdelrlszs.supabase.co/storage/v1/object/public/receipt_images/14367916-d0f8-4cdd-a916-4ff1a3e11c8f/1744117142119_me53v3exop.jpeg,2025-04-08 12:59:02.57355+00,2025-04-08 12:59:05.891+00,"ADDRESS: AK NAIMI HOLDING SDN BHD
(1423822-T)
No 7, Jalan Alfa F U6/F, Seksyen U6
Pusat Perdagangan Subang Permai,
40150 Shah Alam, Selangor.
STREET: No 7, Jalan Alfa F U6/F, Seksyen U6
Pusat Perdagangan Subang Permai,
CITY: Shah Alam,
STATE: Selangor.
ZIP_CODE: 40150
NAME: AK NAIMI HOLDING SDN BHD
ADDRESS_BLOCK: No 7, Jalan Alfa F U6/F, Seksyen U6
Pusat Perdagangan Subang Permai,
40150 Shah Alam, Selangor.
Cash Received :: 0.00
MASTER :: 157.50
INVOICE_RECEIPT_DATE: 02 Apr 2025
Inv No:: CS-0017151
Total Payable :: 157.50
Total Payable :: 157.50
VENDOR_ADDRESS: AK NAIMI HOLDING SDN BHD
(1423822-T)
No 7, Jalan Alfa F U6/F, Seksyen U6
Pusat Perdagangan Subang Permai,
40150 Shah Alam, Selangor.
VENDOR_NAME: AK NAIMI HOLDING SDN BHD
TEL:: 012-600 2186
S/P:: SALES
Item Count :: 10.0000
Change :: 0.00
","{""tax"":""0"",""date"":null,""total"":null,""merchant"":null}",Other,complete,,1.788,,,false,
10cddaf7-2a60-43c6-9ee5-a16bf996bfc4,14367916-d0f8-4cdd-a916-4ff1a3e11c8f,SUPER SEVEN CASH & CARRY SDN BHD,2025-02-04,126.95,0.00,MYR,MASTER,reviewed,https://mpmkbtsufihzdelrlszs.supabase.co/storage/v1/object/public/receipt_images/14367916-d0f8-4cdd-a916-4ff1a3e11c8f/1743851333748_ueu5e54pe08.jpeg,2025-04-05 11:08:53.985016+00,2025-04-05 11:08:53.985016+00,"NAME: CARRY
SUPER SEVEN CASH & SDN BHD
customer :: [77913678]
INVOICE_RECEIPT_DATE: 02-04-2025
INVOICE NO :: 864877
Total Sales: RM 126.97
Tet Total: RM 126.95
VENDOR_NAME: CARRY
SUPER SEVEN CASH & SDN BHD
VENDOR_URL: http: //www.super7.com.my
COUNTER
:: 002
OPERATOR :: [FARHANIM-CASHIER]
QUANTITY :: 8.058 Units
tounding Adjustment: RM -0.02
Payment Method: MASTER CARD
",,,,,,,,false,
14c6b0a5-306b-433d-a0b8-54ac696eb8ee,14367916-d0f8-4cdd-a916-4ff1a3e11c8f,CASH & CARRY SDN BHD,2025-03-19,22.90,0.00,USD,,unreviewed,https://mpmkbtsufihzdelrlszs.supabase.co/storage/v1/object/public/receipt_images/14367916-d0f8-4cdd-a916-4ff1a3e11c8f/1743259856666_13vihnheqrzq.jpeg,2025-03-29 14:50:57.035048+00,2025-03-29 14:50:57.035048+00,"ADDRESS: SUPER SEVEN CASH & CARRY SDN
(590150-A)
PASARAYA BORONG SUPER SEVEN
NO. 1 Jalan Euro 1
off jalan batu Tiga
Sungai Buloh Seksyen U3 Shah Alam, 40150
STREET: NO. 1 Jalan Euro 1
off jalan batu Tiga
STREET: Sungai Buloh Seksyen U3
CITY: Shah Alam,
ZIP_CODE: 40150
ADDRESS_BLOCK: NO. 1 Jalan Euro 1
off jalan batu Tiga
Sungai Buloh Seksyen U3 Shah Alam, 40150
NAME: CASH & CARRY SDN BHD
Customer :: [77913678]
INVOICE_RECEIPT_DATE: 19-03-2025
INVOICE NO :: 887055
Total Sales: RM 22.90
Net Total: RM 22.90
VENDOR_ADDRESS: SUPER SEVEN CASH & CARRY SDN
(590150-A)
PASARAYA BORONG SUPER SEVEN
NO. 1 Jalan Euro 1
off jalan batu Tiga
Sungai Buloh Seksyen U3 Shah Alam, 40150
VENDOR_NAME: CASH & CARRY SDN BHD
VENDOR_URL: http: //www.super7.com.my
COUNTER :: 001
OPERATOR :: [MUHAMMAD SAFWAN-CASHIER]
QUANTITY :: 2 Units
Rounding Adjustment: RM 0.00
Payment Method: ATM CARD
",,,,,,,,false,
15cc338e-da8a-4dea-bdc0-5504d8ffcc36,14367916-d0f8-4cdd-a916-4ff1a3e11c8f,JIMART SBG PERDANA,2025-03-30,19.75,0.00,MYR,MASTER,reviewed,https://mpmkbtsufihzdelrlszs.supabase.co/storage/v1/object/public/receipt_images/14367916-d0f8-4cdd-a916-4ff1a3e11c8f/1743788323442_ktl4y5v0j8q.jpeg,2025-04-04 17:38:43.891372+00,2025-04-04 17:38:43.891372+00,"ADDRESS: JIMART SBG PRDN
-
NO.29M,JALAN DINAR G U3/G,
SEKSYEN U3,SUBANG PERDANA,
SHAH ALAM, SL
STREET: NO.29M,JALAN DINAR G U3/G,
SEKSYEN U3,SUBANG PERDANA,
CITY: SHAH ALAM,
STATE: SL
NAME: JIMART SBG PRDN
-
ADDRESS_BLOCK: NO.29M,JALAN DINAR G U3/G,
SEKSYEN U3,SUBANG PERDANA,
SHAH ALAM, SL
NAME: OCBC
NAME: OCBC
NAME: OCBC
INVOICE NO:: 012321
TOTAL: RM 19.75
VENDOR_ADDRESS: JIMART SBG PRDN
-
NO.29M,JALAN DINAR G U3/G,
SEKSYEN U3,SUBANG PERDANA,
SHAH ALAM, SL
VENDOR_NAME: OCBC
VENDOR_NAME: JIMART SBG PRDN
-
VENDOR_NAME: OCBC
VENDOR_NAME: OCBC
MID:: 000030000003391
BATCH NO:: 000717
TRACE NO:: 013376
MASTERCARD: 540256******7888
EXP DATE:: **/**
ENTRY TYPE:: CTLS
REF NO :: 508916170730
APPROVAL CODE: R89065
ARQC :: 8FE9E96BB372833C
TVR :: 0000008001
AID :: A0000000041010
Version: 00 00 08 153
",,,,,,,,false,
186b50ee-429b-4e99-aabd-5c6c51e1be7e,14367916-d0f8-4cdd-a916-4ff1a3e11c8f,SUPER SEVEN CASH & CARRY SDN BHD,2025-03-19,111.20,0.00,MYR,MASTER,reviewed,https://mpmkbtsufihzdelrlszs.supabase.co/storage/v1/object/public/receipt_images/14367916-d0f8-4cdd-a916-4ff1a3e11c8f/1743262950665_d3dur1320me.jpeg,2025-03-29 15:42:31.005113+00,2025-03-29 15:42:31.005113+00,"ADDRESS: SUPER SEVEN CASH & CARRY SDN BHD
(590150-A)
PASARAYA BORONG SUPER SEVEN
NO. 1 Jalan Euro 1
off jalan batu
Tiga
Sungai Buloh Seksyen U3 Shah Alam, 40150
STREET: NO. 1 Jalan Euro 1
off jalan batu
Tiga
STREET: Sungai Buloh Seksyen U3
CITY: Shah Alam,
ZIP_CODE: 40150
NAME: SUPER SDN BHD
ADDRESS_BLOCK: NO. 1 Jalan Euro 1
off jalan batu
Tiga
Sungai Buloh Seksyen U3 Shah Alam, 40150
Customer
:: [77913678]
INVOICE_RECEIPT_DATE: 19-03-2025
INVOICE NO :: 887054
Total Sales: RM 111.22
Net Total: RM 111.20
VENDOR_ADDRESS: SUPER SEVEN CASH & CARRY SDN BHD
(590150-A)
PASARAYA BORONG SUPER SEVEN
NO. 1 Jalan Euro 1
off jalan batu
Tiga
Sungai Buloh Seksyen U3 Shah Alam, 40150
VENDOR_NAME: SUPER SDN BHD
VENDOR_URL: http: //www.super7.com.my
COUNTER :: 001
OPERATOR :: [MUHAMMAD SAFWAN-CASHIER]
QUANTITY :: 10.644 Units
Rounding Adjustment: RM -0.02
Payment Method: MASTER CARD
",,,,,,,,false,
1db24067-f841-4d44-929e-fc6784daba5a,14367916-d0f8-4cdd-a916-4ff1a3e11c8f,SUPER SEVEN CASH & CARRY SDN BHD,2025-03-19,111.22,0.00,MYR,MASTER CARD,reviewed,https://mpmkbtsufihzdelrlszs.supabase.co/storage/v1/object/public/receipt_images/14367916-d0f8-4cdd-a916-4ff1a3e11c8f/1744039033688_y8ciw62rc1s.jpeg,2025-04-07 15:17:14.872963+00,2025-04-08 05:36:59.63+00,"ADDRESS: SUPER SEVEN CASH & CARRY SDN BHD
(590150-A)
PASARAYA BORONG SUPER SEVEN
NO. 1 Jalan Euro 1
off jalan batu
Tiga
Sungai Buloh Seksyen U3 Shah Alam, 40150
STREET: NO. 1 Jalan Euro 1
off jalan batu
Tiga
STREET: Sungai Buloh Seksyen U3
CITY: Shah Alam,
ZIP_CODE: 40150
NAME: SUPER SDN BHD
ADDRESS_BLOCK: NO. 1 Jalan Euro 1
off jalan batu
Tiga
Sungai Buloh Seksyen U3 Shah Alam, 40150
Customer
:: [77913678]
INVOICE_RECEIPT_DATE: 19-03-2025
INVOICE NO :: 887054
Total Sales: RM 111.22
Net Total: RM 111.20
VENDOR_ADDRESS: SUPER SEVEN CASH & CARRY SDN BHD
(590150-A)
PASARAYA BORONG SUPER SEVEN
NO. 1 Jalan Euro 1
off jalan batu
Tiga
Sungai Buloh Seksyen U3 Shah Alam, 40150
VENDOR_NAME: SUPER SDN BHD
VENDOR_URL: http: //www.super7.com.my
COUNTER :: 001
OPERATOR :: [MUHAMMAD SAFWAN-CASHIER]
QUANTITY :: 10.644 Units
Rounding Adjustment: RM -0.02
Payment Method: MASTER CARD
","{""tax"":0,""date"":null,""total"":""111.22"",""merchant"":null}",Groceries,complete,"Processing failed: 500 ",1.652,,,false,
1dfbe8f2-0653-447f-ad0c-3d3a813c89f4,14367916-d0f8-4cdd-a916-4ff1a3e11c8f,Liam Hup Hardware Sdn Bhd,2025-03-10,1.50,,MYR,Cash,reviewed,https://mpmkbtsufihzdelrlszs.supabase.co/storage/v1/object/public/receipt_images/14367916-d0f8-4cdd-a916-4ff1a3e11c8f/1743030133622.jpeg,2025-03-26 23:02:14.504578+00,2025-03-26 23:02:14.504578+00,"ADDRESS: LIAM HUP HARDWARE SDN BHD
601667-H
NO 96 JALAN SUBANG,
KAMPUNG BARU SUBANG,
40150 SHAH ALAM, SELANGOR.
STREET: NO 96 JALAN SUBANG,
KAMPUNG BARU SUBANG,
CITY: SHAH ALAM,
STATE: SELANGOR.
ZIP_CODE: 40150
NAME: LIAM HUP HARDWARE SDN BHD
ADDRESS_BLOCK: NO 96 JALAN SUBANG,
KAMPUNG BARU SUBANG,
40150 SHAH ALAM, SELANGOR.
CASH: 20.50
DISC :: 0.00
DATE: 10/03/2025
RECEIPT #: CS01102250
SUB-TOTAL :: 1.50
TAX :: 0.00
TOTAL: 1.50
VENDOR_ADDRESS: LIAM HUP HARDWARE SDN BHD
601667-H
NO 96 JALAN SUBANG,
KAMPUNG BARU SUBANG,
40150 SHAH ALAM, SELANGOR.
VENDOR_NAME: LIAM HUP HARDWARE SDN BHD
TEL : H/P:: 0162055305
TIME:: 16:17:00
CASHIER: USER
TOTAL QTY:: 1
ROUNDING :: 0.00
CHANGE: 19.00
","{""tax"":null,""date"":""2025-03-10"",""total"":null,""merchant"":null}",Shopping,,,,,,false,
27690a87-a610-45b5-8add-50e7d13172da,14367916-d0f8-4cdd-a916-4ff1a3e11c8f,SUPER SEVEN CASH & CARRY SDN BHD,2025-03-10,76.31,0.00,MYR,MASTER,reviewed,https://mpmkbtsufihzdelrlszs.supabase.co/storage/v1/object/public/receipt_images/14367916-d0f8-4cdd-a916-4ff1a3e11c8f/1743861088291_hdoumrs0xkr.jpeg,2025-04-05 13:51:28.648626+00,2025-04-05 13:51:28.648626+00,"ADDRESS: SUPER SEVEN CASH & CARRY SDN BHD
(590150-A)
PASARAYA BORONG SUPER SEVEN
NO. 1 Jalan Euro 1
off jalan batu Tiga
Sungai Buloh Seksyen U3 Shah Alam, 40150
STREET: NO. 1 Jalan Euro 1
off jalan batu Tiga
STREET: Sungai Buloh Seksyen U3
CITY: Shah Alam,
ZIP_CODE: 40150
NAME: SUPER SEVEN CASH & CARRY SDN BHD
ADDRESS_BLOCK: NO. 1 Jalan Euro 1
off jalan batu Tiga
Sungai Buloh Seksyen U3 Shah Alam, 40150
Customer :: [77913678]
INVOICE_RECEIPT_DATE: 10-03-2025
INVOICE NO :: 750586
Total Sales: RM 76.3:
Net Total: RM 76.31
VENDOR_ADDRESS: SUPER SEVEN CASH & CARRY SDN BHD
(590150-A)
PASARAYA BORONG SUPER SEVEN
NO. 1 Jalan Euro 1
off jalan batu Tiga
Sungai Buloh Seksyen U3 Shah Alam, 40150
VENDOR_NAME: SUPER SEVEN CASH & CARRY SDN BHD
VENDOR_URL: http: //www.super7.com.my
COUNTER :: 00.
OPERATOR :: [SITI NOR HASLINDA BI-CASHIER
QUANTITY :: 6.852 Units
Adjustment
Rounding: RM -0.0:
Method
Payment: MASTER CARI
",,,,,,,,false,
2c84143c-9364-475b-9411-b07318442de1,14367916-d0f8-4cdd-a916-4ff1a3e11c8f,Super Seven Cash & Carry Sdn Bhd,2025-04-05,79.15,,MYR,Master,reviewed,https://mpmkbtsufihzdelrlszs.supabase.co/storage/v1/object/public/receipt_images/14367916-d0f8-4cdd-a916-4ff1a3e11c8f/1743869904069_344hsv22jyv.jpeg,2025-04-05 16:18:24.55428+00,2025-04-05 16:18:24.55428+00,"ADDRESS: : UPER SEVEN CASH & CARRY SDN BHD
590150-A)
ASARAYA BORONG SUPER SEVEN
10. 1 Jalan Euro 1
iff Jalan batu Tiga
Alam,40150
STREET: 10. 1 Jalan Euro 1
NAME: : UPER SEVEN CASH & CARRY SDN BHD
ADDRESS_BLOCK: 10. 1 Jalan Euro 1
iff Jalan batu Tiga
lungai Buloh Seksyen U3 Shah
Payment Method: MASTER
CARD
INVOICE_RECEIPT_DATE: 4-03-2025
INVOICE NO :: 859632
Total Sales: RM 79.14
let Total: RM 79.15
VENDOR_ADDRESS: : UPER SEVEN CASH & CARRY SDN BHD
590150-A)
ASARAYA BORONG SUPER SEVEN
10. 1 Jalan Euro 1
iff Jalan batu Tiga
Alam,40150
VENDOR_NAME: : UPER SEVEN CASH & CARRY SDN BHD
VENDOR_URL: http: //www.super7.com.my
:: (77913678)
:
COUNTER: 002
>PERATOR :: :
FARHANIM-CASHIER]
QUANTITY :: 24.424 Units
founding Adjustment: RM 0.01
","{""tax"":""Tax amount not explicitly stated; needs further investigation or assumption of 0."",""date"":""2025-03-04"",""total"":null,""merchant"":""Correct spelling and formatting of merchant name.""}",Groceries,,,,,,false,
381d948f-112d-406d-b1b1-f5bad679f537,14367916-d0f8-4cdd-a916-4ff1a3e11c8f,SUPER SEVEN CASH & CARRY SDN BHD,2025-03-19,111.22,,MYR,MASTER CARD,reviewed,https://mpmkbtsufihzdelrlszs.supabase.co/storage/v1/object/public/receipt_images/14367916-d0f8-4cdd-a916-4ff1a3e11c8f/1743844885830_63j9bgaqq7.jpeg,2025-04-05 09:21:26.033864+00,2025-04-05 09:21:26.033864+00,"ADDRESS: SUPER SEVEN CASH & CARRY SDN BHD
(590150-A)
PASARAYA BORONG SUPER SEVEN
NO. 1 Jalan Euro 1
off jalan batu
Tiga
Sungai Buloh Seksyen U3 Shah Alam, 40150
STREET: NO. 1 Jalan Euro 1
off jalan batu
Tiga
STREET: Sungai Buloh Seksyen U3
CITY: Shah Alam,
ZIP_CODE: 40150
NAME: SUPER SDN BHD
ADDRESS_BLOCK: NO. 1 Jalan Euro 1
off jalan batu
Tiga
Sungai Buloh Seksyen U3 Shah Alam, 40150
Customer
:: [77913678]
INVOICE_RECEIPT_DATE: 19-03-2025
INVOICE NO :: 887054
Total Sales: RM 111.22
Net Total: RM 111.20
VENDOR_ADDRESS: SUPER SEVEN CASH & CARRY SDN BHD
(590150-A)
PASARAYA BORONG SUPER SEVEN
NO. 1 Jalan Euro 1
off jalan batu
Tiga
Sungai Buloh Seksyen U3 Shah Alam, 40150
VENDOR_NAME: SUPER SDN BHD
VENDOR_URL: http: //www.super7.com.my
COUNTER :: 001
OPERATOR :: [MUHAMMAD SAFWAN-CASHIER]
QUANTITY :: 10.644 Units
Rounding Adjustment: RM -0.02
Payment Method: MASTER CARD
","{""tax"":0,""date"":""2025-03-19"",""total"":null,""merchant"":null}",Groceries,,,,,,false,
383af6f4-5f90-4bd2-83ca-f8b372f1c24f,14367916-d0f8-4cdd-a916-4ff1a3e11c8f,Liam Hup Hardware Sdn Bhd,2025-03-06,3.00,,MYR,Cash,reviewed,https://mpmkbtsufihzdelrlszs.supabase.co/storage/v1/object/public/receipt_images/14367916-d0f8-4cdd-a916-4ff1a3e11c8f/1743868962933_xw4sbdwv2gh.jpeg,2025-04-05 16:02:43.312471+00,2025-04-05 16:02:43.312471+00,,"{""tax"":null,""date"":""2025-03-06"",""total"":null,""merchant"":null}",Shopping,,,,,,false,
38c5afb3-00db-4b4c-9caa-e24582329db7,14367916-d0f8-4cdd-a916-4ff1a3e11c8f,MY HERO HYPERMARKET SDN BHD,2025-06-03,29.20,0.00,MYR,CASH,reviewed,https://mpmkbtsufihzdelrlszs.supabase.co/storage/v1/object/public/receipt_images/14367916-d0f8-4cdd-a916-4ff1a3e11c8f/1743259444928_dygts9lp3r8.jpeg,2025-03-29 14:44:05.234227+00,2025-03-29 14:44:05.234227+00,"ADDRESS: MY HERO HYPERMARKET SDN BHD
(Subang Jasa) 666770-U
4243, Compleks Perniagaan Sri Gaya,
Jln Tmn Subang Jasa 3,
40150 Selangor
STREET: 4243, Compleks Perniagaan Sri Gaya,
Jln Tmn Subang Jasa 3,
STATE: Selangor
ZIP_CODE: 40150
NAME: MY HERO
HYPERMARKET SDN BHD
ADDRESS_BLOCK: 4243, Compleks Perniagaan Sri Gaya,
Jln Tmn Subang Jasa 3,
40150 Selangor
CASH: 50.00
Total Saving: 0.00
INVOICE_RECEIPT_DATE: 06/03/25
Invoice No:: SJP02202503060133
Sub Total: 29.20
Total: 29.20
VENDOR_ADDRESS: MY HERO HYPERMARKET SDN BHD
(Subang Jasa) 666770-U
4243, Compleks Perniagaan Sri Gaya,
Jln Tmn Subang Jasa 3,
40150 Selangor
VENDOR_NAME: MY HERO
HYPERMARKET SDN BHD
URL:: https: //myinvoice.biz-edoc.com/#/einvoice/selfgen
erate/?cc=HERO001
Cashier :: NORFAEZAH BT JAILANI
Total Item: 4
Total Qty: 6
Rounding: 0.00
Tender: CASH 50.00
Change 20.80
Change: 20.80
Point Missed:: 14
",,,,,,,,false,
3e227701-bda7-48a1-a30e-33bfe2dfb439,14367916-d0f8-4cdd-a916-4ff1a3e11c8f,Super Seven Cash & Carry Sdn Bhd,2025-03-19,22.90,0.00,MYR,ATM CARD,unreviewed,https://mpmkbtsufihzdelrlszs.supabase.co/storage/v1/object/public/receipt_images/14367916-d0f8-4cdd-a916-4ff1a3e11c8f/1744086029886_3caj4qf0neq.jpeg,2025-04-08 04:20:30.980001+00,2025-04-08 05:19:56.191+00,"ADDRESS: SUPER SEVEN CASH & CARRY SDN
(590150-A)
PASARAYA BORONG SUPER SEVEN
NO. 1 Jalan Euro 1
off jalan batu Tiga
Sungai Buloh Seksyen U3 Shah Alam, 40150
STREET: NO. 1 Jalan Euro 1
off jalan batu Tiga
STREET: Sungai Buloh Seksyen U3
CITY: Shah Alam,
ZIP_CODE: 40150
ADDRESS_BLOCK: NO. 1 Jalan Euro 1
off jalan batu Tiga
Sungai Buloh Seksyen U3 Shah Alam, 40150
NAME: CASH & CARRY SDN BHD
Customer :: [77913678]
INVOICE_RECEIPT_DATE: 19-03-2025
INVOICE NO :: 887055
Total Sales: RM 22.90
Net Total: RM 22.90
VENDOR_ADDRESS: SUPER SEVEN CASH & CARRY SDN
(590150-A)
PASARAYA BORONG SUPER SEVEN
NO. 1 Jalan Euro 1
off jalan batu Tiga
Sungai Buloh Seksyen U3 Shah Alam, 40150
VENDOR_NAME: CASH & CARRY SDN BHD
VENDOR_URL: http: //www.super7.com.my
COUNTER :: 001
OPERATOR :: [MUHAMMAD SAFWAN-CASHIER]
QUANTITY :: 2 Units
Rounding Adjustment: RM 0.00
Payment Method: ATM CARD
","{""tax"":0,""date"":""2025-03-19"",""total"":null,""merchant"":""Super Seven Cash & Carry Sdn Bhd (Corrected capitalization and spacing)""}",Groceries,complete,"Processing failed: 500 ",1.708,,,false,
420d29b1-f032-489b-8ec7-fdcc3db32b57,14367916-d0f8-4cdd-a916-4ff1a3e11c8f,ECONSAVE CASH & CARRY (KBS) SDN BHD,2025-03-24,85.05,0.00,USD,,reviewed,https://mpmkbtsufihzdelrlszs.supabase.co/storage/v1/object/public/receipt_images/14367916-d0f8-4cdd-a916-4ff1a3e11c8f/1743784419437_w93ldx5ua.jpeg,2025-04-04 16:33:39.707729+00,2025-04-04 16:33:39.707729+00,,,,,,,,,false,
42d42039-f650-4952-b28a-0c690cd8220b,14367916-d0f8-4cdd-a916-4ff1a3e11c8f,SUPER SEVEN CASH & CARRY SDN BHD,2025-04-02,126.95,0.00,MYR,,reviewed,https://mpmkbtsufihzdelrlszs.supabase.co/storage/v1/object/public/receipt_images/14367916-d0f8-4cdd-a916-4ff1a3e11c8f/1743842242244_xbni3jihrn.jpeg,2025-04-05 08:37:22.624058+00,2025-04-05 08:37:22.624058+00,"NAME: CARRY
SUPER SEVEN CASH & SDN BHD
customer :: [77913678]
INVOICE_RECEIPT_DATE: 02-04-2025
INVOICE NO :: 864877
Total Sales: RM 126.97
Tet Total: RM 126.95
VENDOR_NAME: CARRY
SUPER SEVEN CASH & SDN BHD
VENDOR_URL: http: //www.super7.com.my
COUNTER
:: 002
OPERATOR :: [FARHANIM-CASHIER]
QUANTITY :: 8.058 Units
tounding Adjustment: RM -0.02
Payment Method: MASTER CARD
",,,,,,,,false,
4480f01f-a17e-4178-ab1c-df37e408f5e4,14367916-d0f8-4cdd-a916-4ff1a3e11c8f,SUPER SEVEN CASH & CARRY SDN BHD,2025-03-24,188.05,0.00,MYR,MASTER CARD,reviewed,https://mpmkbtsufihzdelrlszs.supabase.co/storage/v1/object/public/receipt_images/14367916-d0f8-4cdd-a916-4ff1a3e11c8f/1743835882259_j46jug5h7p.jpeg,2025-04-05 06:51:22.682649+00,2025-04-05 06:51:22.682649+00,"ADDRESS: SUPER SEVEN CASH & CARRY SDN BHD
(590150-A)
PASARAYA BORONG SUPER SEVEN
NO 1 Jalan Euro 1
off jalan batu Tiga
Sungai Buloh Seksyen U3 Shah Alam, 40150
STREET: NO 1 Jalan Euro 1
off jalan batu Tiga
STREET: Sungai Buloh Seksyen U3
CITY: Shah Alam,
ZIP_CODE: 40150
NAME: SUPER SEVEN CASH & CARRY SDN BHD
ADDRESS_BLOCK: NO 1 Jalan Euro 1
off jalan batu Tiga
Sungai Buloh Seksyen U3 Shah Alam, 40150
Customer :: [77913678]
INVOICE_RECEIPT_DATE: 24-03-2025
INVOICE NO :: 787727
Total Sales: RM 188.07
Net Total: RM 188.05
VENDOR_ADDRESS: SUPER SEVEN CASH & CARRY SDN BHD
(590150-A)
PASARAYA BORONG SUPER SEVEN
NO 1 Jalan Euro 1
off jalan batu Tiga
Sungai Buloh Seksyen U3 Shah Alam, 40150
VENDOR_NAME: SUPER SEVEN CASH & CARRY SDN BHD
VENDOR_URL: http: //www.super7.com.my
COUNTER :: 003
OPERATOR :: [SITI NOR HASLINDA BI-CASHIER]
QUANTITY :: 20.764 Units
Rounding Adjustment: RM -0.02
Payment Method: MASTER CARD
","{""tax"":0,""date"":""2025-03-24"",""total"":null,""merchant"":null}",Groceries,,,,,,false,
45c499ae-2417-4bdf-af29-c31f9cf9515e,14367916-d0f8-4cdd-a916-4ff1a3e11c8f,SUPER SEVEN CASH & CARRY SDN BHD,2025-03-19,22.90,,MYR,ATM CARD,reviewed,https://mpmkbtsufihzdelrlszs.supabase.co/storage/v1/object/public/receipt_images/14367916-d0f8-4cdd-a916-4ff1a3e11c8f/1743028130055.jpeg,2025-03-26 22:28:50.63676+00,2025-03-26 22:28:50.63676+00,"ADDRESS: SUPER SEVEN CASH & CARRY SDN
(590150-A)
PASARAYA BORONG SUPER SEVEN
NO. 1 Jalan Euro 1
off jalan batu Tiga
Sungai Buloh Seksyen U3 Shah Alam, 40150
STREET: NO. 1 Jalan Euro 1
off jalan batu Tiga
STREET: Sungai Buloh Seksyen U3
CITY: Shah Alam,
ZIP_CODE: 40150
ADDRESS_BLOCK: NO. 1 Jalan Euro 1
off jalan batu Tiga
Sungai Buloh Seksyen U3 Shah Alam, 40150
NAME: CASH & CARRY SDN BHD
Customer :: [77913678]
INVOICE_RECEIPT_DATE: 19-03-2025
INVOICE NO :: 887055
Total Sales: RM 22.90
Net Total: RM 22.90
VENDOR_ADDRESS: SUPER SEVEN CASH & CARRY SDN
(590150-A)
PASARAYA BORONG SUPER SEVEN
NO. 1 Jalan Euro 1
off jalan batu Tiga
Sungai Buloh Seksyen U3 Shah Alam, 40150
VENDOR_NAME: CASH & CARRY SDN BHD
VENDOR_URL: http: //www.super7.com.my
COUNTER :: 001
OPERATOR :: [MUHAMMAD SAFWAN-CASHIER]
QUANTITY :: 2 Units
Rounding Adjustment: RM 0.00
Payment Method: ATM CARD
","{""tax"":0,""date"":""2025-03-19"",""total"":null,""merchant"":null}",Groceries,,,,,,false,
52a9d7b4-f7af-4eea-b35e-702db609f168,14367916-d0f8-4cdd-a916-4ff1a3e11c8f,SUPER SEVEN CASH & CARRY SDN BHD,2025-02-04,126.95,0.00,MYR,MASTER,reviewed,https://mpmkbtsufihzdelrlszs.supabase.co/storage/v1/object/public/receipt_images/14367916-d0f8-4cdd-a916-4ff1a3e11c8f/1743845314746_xiuh2953pv.jpeg,2025-04-05 09:28:34.947459+00,2025-04-05 09:28:34.947459+00,"NAME: CARRY
SUPER SEVEN CASH & SDN BHD
customer :: [77913678]
INVOICE_RECEIPT_DATE: 02-04-2025
INVOICE NO :: 864877
Total Sales: RM 126.97
Tet Total: RM 126.95
VENDOR_NAME: CARRY
SUPER SEVEN CASH & SDN BHD
VENDOR_URL: http: //www.super7.com.my
COUNTER
:: 002
OPERATOR :: [FARHANIM-CASHIER]
QUANTITY :: 8.058 Units
tounding Adjustment: RM -0.02
Payment Method: MASTER CARD
",,,,,,,,false,
54d7f4ca-f5c9-4f63-b659-ad3e377280bf,14367916-d0f8-4cdd-a916-4ff1a3e11c8f,PETRONAS,2025-03-10,30.24,0.00,MYR,Master,reviewed,https://mpmkbtsufihzdelrlszs.supabase.co/storage/v1/object/public/receipt_images/14367916-d0f8-4cdd-a916-4ff1a3e11c8f/1744040330376_j7291ar50i.jpeg,2025-04-07 15:38:51.223743+00,2025-04-07 15:38:54.831+00,"ADDRESS: Renergy Enterprise
CA 0081580 P
-
Lot 4029, Jln 1D
STREET: Lot 4029, Jln 1D
STATE: CA
ADDRESS_BLOCK: CA 0081580 P
-
Lot 4029, Jln 1D
NAME: PETRONAS
NAME: PETRONAS
INVOICE_RECEIPT_DATE: 10MAR2025
Invoice No: 5f7ca0
TOTAL: RM30.24
VENDOR_ADDRESS: Renergy Enterprise
CA 0081580 P
-
Lot 4029, Jln 1D
VENDOR_NAME: PETRONAS
VENDOR_NAME: PETRONAS
VENDOR_PHONE: 0378467076
Card Desc: Mastercard
Terminal: 06050003
Site I d: 401500026202101
Site Tran NO: 014297
POS STAN: 844922
Rei: 000011005207
Card: 7888
Card Exp: XX/XX
AC Type: Credit
B. Approval: R07650
TC: EAA89111B35FC1AE
App: MASTERCARD
App ID: A0000000041010
APPROVED: 00
PRIMAX 95: RM30.24
","{""tax"":0,""date"":""2025-03-10"",""total"":null,""merchant"":null}",Transportation,complete,,1.676,,,false,
57474d61-43ba-42cd-8f1d-31d4262990e3,14367916-d0f8-4cdd-a916-4ff1a3e11c8f,ECONSAVE CASH & CARRY (KBS) SDN BHD,2025-03-24,85.05,0.00,MYR,MASTER,reviewed,https://mpmkbtsufihzdelrlszs.supabase.co/storage/v1/object/public/receipt_images/14367916-d0f8-4cdd-a916-4ff1a3e11c8f/1743643937613_5zk7sy0716d.jpeg,2025-04-03 01:32:18.395427+00,2025-04-03 01:32:18.395427+00,"ADDRESS: ECONSAVE CASH & CARRY (KBS) SDN.
BHD.
(Co. Reg. 589340-A)
LOT 3761 JALAN 2D, KAMPUNG BARU
SEKSYEN U6,40160 SHAH ALAM,
SELANGOR DARUL EHSAN
STREET: LOT 3761 JALAN 2D, KAMPUNG BARU
STREET: SEKSYEN
CITY: SHAH ALAM,
STATE: SELANGOR DARUL EHSAN
ZIP_CODE: U6,40160
NAME: ECONSAVE CASH & CARRY (KBS) SDN.
BHD.
ADDRESS_BLOCK: LOT 3761 JALAN 2D, KAMPUNG BARU
SEKSYEN U6,40160 SHAH ALAM,
SELANGOR DARUL EHSAN
NAME: ECONSAVE
MASTER: 85.05
Total Direct Disc :: 5.40
Date :: 24/03/2025
INVOICE_RECEIPT_DATE: 24/03/25
Inv No. :: 240325/10015/10/00101
SUBTOTAL :: 85.07
TOTAL :: 85.05
Total :: 85.05
VENDOR_ADDRESS: ECONSAVE CASH & CARRY (KBS) SDN.
BHD.
(Co. Reg. 589340-A)
LOT 3761 JALAN 2D, KAMPUNG BARU
SEKSYEN U6,40160 SHAH ALAM,
SELANGOR DARUL EHSAN
VENDOR_NAME: ECONSAVE CASH & CARRY (KBS) SDN.
BHD.
VENDOR_NAME: ECONSAVE
(Co. Reg.: 589340-A)
Cashier :: 60122584 UMA
-
ROUNDING ADJ :: -0.02
Payment : -: MASTER 85.05
Card No: 5402-XXXX-XXXX-7888
APPROVAL CODE : R92610
Card No:: 5402-XXXX-XXXX-7888
APPROVAL CODE :: R92610
Total Purchased :: 7
St :: 10015
Rg :: 10
Ch :: 6012
Tr :: 101
",,,,,,,,false,
5dd62fbe-28ce-4eee-8e92-ddb44527296f,14367916-d0f8-4cdd-a916-4ff1a3e11c8f,SUPER SEVEN CASH & CARRY SDN BHD,2025-03-19,111.20,,MYR,MASTER,reviewed,https://mpmkbtsufihzdelrlszs.supabase.co/storage/v1/object/public/receipt_images/14367916-d0f8-4cdd-a916-4ff1a3e11c8f/1743868913697_1d3h8fgew8e.jpeg,2025-04-05 16:01:54.124613+00,2025-04-05 16:01:54.124613+00,"ADDRESS: SUPER SEVEN CASH & CARRY SDN BHD
(590150-A)
PASARAYA BORONG SUPER SEVEN
NO. 1 Jalan Euro 1
off jalan batu
Tiga
Sungai Buloh Seksyen U3 Shah Alam, 40150
STREET: NO. 1 Jalan Euro 1
off jalan batu
Tiga
STREET: Sungai Buloh Seksyen U3
CITY: Shah Alam,
ZIP_CODE: 40150
NAME: SUPER SDN BHD
ADDRESS_BLOCK: NO. 1 Jalan Euro 1
off jalan batu
Tiga
Sungai Buloh Seksyen U3 Shah Alam, 40150
Customer
:: [77913678]
INVOICE_RECEIPT_DATE: 19-03-2025
INVOICE NO :: 887054
Total Sales: RM 111.22
Net Total: RM 111.20
VENDOR_ADDRESS: SUPER SEVEN CASH & CARRY SDN BHD
(590150-A)
PASARAYA BORONG SUPER SEVEN
NO. 1 Jalan Euro 1
off jalan batu
Tiga
Sungai Buloh Seksyen U3 Shah Alam, 40150
VENDOR_NAME: SUPER SDN BHD
VENDOR_URL: http: //www.super7.com.my
COUNTER :: 001
OPERATOR :: [MUHAMMAD SAFWAN-CASHIER]
QUANTITY :: 10.644 Units
Rounding Adjustment: RM -0.02
Payment Method: MASTER CARD
","{""tax"":""0"",""date"":""2025-03-19"",""total"":""No suggestion"",""merchant"":""No suggestion""}",Groceries,,,,,,false,
5fc3f9fb-e14a-46aa-b0ca-d3e509a23abb,14367916-d0f8-4cdd-a916-4ff1a3e11c8f,SUPER SEVEN CASH & CARRY SDN BHD,2025-03-10,76.31,,MYR,Master,reviewed,https://mpmkbtsufihzdelrlszs.supabase.co/storage/v1/object/public/receipt_images/14367916-d0f8-4cdd-a916-4ff1a3e11c8f/1743927476524_euh3kfxckla.jpeg,2025-04-06 08:17:58.211128+00,2025-04-06 08:17:58.211128+00,"ADDRESS: SUPER SEVEN CASH & CARRY SDN BHD
(590150-A)
PASARAYA BORONG SUPER SEVEN
NO. 1 Jalan Euro 1
off jalan batu Tiga
Sungai Buloh Seksyen U3 Shah Alam, 40150
STREET: NO. 1 Jalan Euro 1
off jalan batu Tiga
STREET: Sungai Buloh Seksyen U3
CITY: Shah Alam,
ZIP_CODE: 40150
NAME: SUPER SEVEN CASH & CARRY SDN BHD
ADDRESS_BLOCK: NO. 1 Jalan Euro 1
off jalan batu Tiga
Sungai Buloh Seksyen U3 Shah Alam, 40150
Customer :: [77913678]
INVOICE_RECEIPT_DATE: 10-03-2025
INVOICE NO :: 750586
Total Sales: RM 76.3:
Net Total: RM 76.31
VENDOR_ADDRESS: SUPER SEVEN CASH & CARRY SDN BHD
(590150-A)
PASARAYA BORONG SUPER SEVEN
NO. 1 Jalan Euro 1
off jalan batu Tiga
Sungai Buloh Seksyen U3 Shah Alam, 40150
VENDOR_NAME: SUPER SEVEN CASH & CARRY SDN BHD
VENDOR_URL: http: //www.super7.com.my
COUNTER :: 00.
OPERATOR :: [SITI NOR HASLINDA BI-CASHIER
QUANTITY :: 6.852 Units
Adjustment
Rounding: RM -0.0:
Method
Payment: MASTER CARI
","{""tax"":0,""date"":""2025-03-10"",""total"":null,""merchant"":null}",Groceries,,,,,,false,
6dc10d11-b347-489a-943d-f44ee4889201,14367916-d0f8-4cdd-a916-4ff1a3e11c8f,MY HERO HYPERMARKET SDN BHD,2025-03-06,29.20,0.00,MYR,Cash,reviewed,https://mpmkbtsufihzdelrlszs.supabase.co/storage/v1/object/public/receipt_images/14367916-d0f8-4cdd-a916-4ff1a3e11c8f/1744040848196_fdulxzndeeg.jpeg,2025-04-07 15:47:29.519803+00,2025-04-07 15:47:33.357+00,"ADDRESS: MY HERO HYPERMARKET SDN BHD
(Subang Jasa) 666770-U
4243, Compleks Perniagaan Sri Gaya,
Jln Tmn Subang Jasa 3,
40150 Selangor
STREET: 4243, Compleks Perniagaan Sri Gaya,
Jln Tmn Subang Jasa 3,
STATE: Selangor
ZIP_CODE: 40150
NAME: MY HERO
HYPERMARKET SDN BHD
ADDRESS_BLOCK: 4243, Compleks Perniagaan Sri Gaya,
Jln Tmn Subang Jasa 3,
40150 Selangor
CASH: 50.00
Total Saving: 0.00
INVOICE_RECEIPT_DATE: 06/03/25
Invoice No:: SJP02202503060133
Sub Total: 29.20
Total: 29.20
VENDOR_ADDRESS: MY HERO HYPERMARKET SDN BHD
(Subang Jasa) 666770-U
4243, Compleks Perniagaan Sri Gaya,
Jln Tmn Subang Jasa 3,
40150 Selangor
VENDOR_NAME: MY HERO
HYPERMARKET SDN BHD
URL:: https: //myinvoice.biz-edoc.com/#/einvoice/selfgen
erate/?cc=HERO001
Cashier :: NORFAEZAH BT JAILANI
Total Item: 4
Total Qty: 6
Rounding: 0.00
Tender: CASH 50.00
Change 20.80
Change: 20.80
Point Missed:: 14
","{""tax"":null,""date"":""2025-03-06"",""total"":null,""merchant"":null}",Groceries,complete,,2.106,,,false,
7531d9c2-b729-48c3-8890-d17c5c62403e,14367916-d0f8-4cdd-a916-4ff1a3e11c8f,AK NAIMI HOLDING SDN BHD,2025-04-02,157.50,0.00,MYR,Master,reviewed,https://mpmkbtsufihzdelrlszs.supabase.co/storage/v1/object/public/receipt_images/14367916-d0f8-4cdd-a916-4ff1a3e11c8f/1744010332074_vzwnt7spjr.jpeg,2025-04-07 07:18:52.698232+00,2025-04-07 15:34:15.44+00,"ADDRESS: AK NAIMI HOLDING SDN BHD
(1423822-T)
No 7, Jalan Alfa F U6/F, Seksyen U6
Pusat Perdagangan Subang Permai,
40150 Shah Alam, Selangor.
STREET: No 7, Jalan Alfa F U6/F, Seksyen U6
Pusat Perdagangan Subang Permai,
CITY: Shah Alam,
STATE: Selangor.
ZIP_CODE: 40150
NAME: AK NAIMI HOLDING SDN BHD
ADDRESS_BLOCK: No 7, Jalan Alfa F U6/F, Seksyen U6
Pusat Perdagangan Subang Permai,
40150 Shah Alam, Selangor.
Cash Received :: 0.00
MASTER :: 157.50
INVOICE_RECEIPT_DATE: 02 Apr 2025
Inv No:: CS-0017151
Total Payable :: 157.50
Total Payable :: 157.50
VENDOR_ADDRESS: AK NAIMI HOLDING SDN BHD
(1423822-T)
No 7, Jalan Alfa F U6/F, Seksyen U6
Pusat Perdagangan Subang Permai,
40150 Shah Alam, Selangor.
VENDOR_NAME: AK NAIMI HOLDING SDN BHD
TEL:: 012-600 2186
S/P:: SALES
Item Count :: 10.0000
Change :: 0.00
","{""tax"":0,""date"":""2025-04-02"",""total"":null,""merchant"":null}",Groceries,complete,"Processing failed: 500 ",1.658,,,false,
79947838-c036-4cbb-8b09-b4f2d7466edd,14367916-d0f8-4cdd-a916-4ff1a3e11c8f,SUPER SEVEN CASH & CARRY SDN BHD,2025-03-10,76.31,,MYR,Mastercard,reviewed,https://mpmkbtsufihzdelrlszs.supabase.co/storage/v1/object/public/receipt_images/14367916-d0f8-4cdd-a916-4ff1a3e11c8f/1743870841529_iw8h4041q7f.jpeg,2025-04-05 16:34:02.082224+00,2025-04-05 16:34:02.082224+00,,"{""tax"":0,""date"":""2025-03-10"",""total"":null,""merchant"":null}",Groceries,,,,,,false,
7af08019-7ac5-4404-940e-a8d8dd7b8921,14367916-d0f8-4cdd-a916-4ff1a3e11c8f,ECONSAVE CASH & CARRY (KBS) SDN BHD,2025-07-04,47.30,0.00,MYR,MASTER,reviewed,https://mpmkbtsufihzdelrlszs.supabase.co/storage/v1/object/public/receipt_images/14367916-d0f8-4cdd-a916-4ff1a3e11c8f/1744201204590_4lbz0dos1hd.jpg,2025-04-09 12:20:08.277499+00,2025-04-09 12:20:13.342+00,"ADDRESS: ECONSAVE CASH & CARRY (KBS) SDN.
BHD.
(Co. Reg. 589340-A)
LOT 3761, JALAN 2D, KAMPUNG BARU
SEKSYEN U6,40160 SHAH ALAM,
SELANGOR DARUL EHSAN
STREET: LOT 3761, JALAN 2D, KAMPUNG BARU
CITY: SHAH ALAM,
STATE: SELANGOR DARUL EHSAN
ZIP_CODE: U6,40160
NAME: ECONSAVE CASH & CARRY (KBS) SDN.
BHD.
ADDRESS_BLOCK: LOT 3761, JALAN 2D, KAMPUNG BARU
SEKSYEN U6,40160 SHAH ALAM,
SELANGOR DARUL EHSAN
NAME: ECONSAVE
MASTER: 47.30
Total Direct Disc :: 1.00
Date :: 07/04/2025
INVOICE_RECEIPT_DATE: 07/04/25
Inv No. :: 070425/10015/08/00049
SUBTOTAL :: 47.28
TOTAL :: 47.30
Total :: 47.30
VENDOR_ADDRESS: ECONSAVE CASH & CARRY (KBS) SDN.
BHD.
(Co. Reg. 589340-A)
LOT 3761, JALAN 2D, KAMPUNG BARU
SEKSYEN U6,40160 SHAH ALAM,
SELANGOR DARUL EHSAN
VENDOR_NAME: ECONSAVE CASH & CARRY (KBS) SDN.
BHD.
VENDOR_NAME: ECONSAVE
(Co. Reg.: 589340-A)
Cashier :: 60122657 NORALIA IZWANI
-
ROUNDING ADJ :: 0.02
Payment : -: MASTER 47.30
Card No: 5402-XXXX-XXXX-7888
APPROVAL CODE : R97850
Card No:: 5402-XXXX-XXXX-7888
APPROVAL CODE :: R97850
Total Purchased :: 3
St :: 10015
Rg.: 08
Ch :: 60122657
Tr :: 49
",{},,complete,,2.684,gemini-1.5-flash,ocr-ai,false,[]
86c4f6b1-0da5-4166-b434-9952f84175bc,14367916-d0f8-4cdd-a916-4ff1a3e11c8f,SEASONS FROZEN FOOD SUPPLY SDN BHD,2025-04-05,129.60,0.00,MYR,Debit Card,reviewed,https://mpmkbtsufihzdelrlszs.supabase.co/storage/v1/object/public/receipt_images/14367916-d0f8-4cdd-a916-4ff1a3e11c8f/1744187092268_uhfupkzgcm9.jpg,2025-04-09 08:24:53.675214+00,2025-04-09 08:24:59.302+00,"ADDRESS: SEASONS FROZEN FOOD SUPPLY SDN BHD
(1127633-M)
NO.11,
JALAN TAMAN SUBANG JASA 3,
TAMAN SUBANG JASA,
STREET: NO.11,
JALAN TAMAN SUBANG JASA 3,
NAME: SEASONS FROZEN FOOD SUPPLY SDN BHD
ADDRESS_BLOCK: NO.11,
JALAN TAMAN SUBANG JASA 3,
Payment: 129.60
Date :: 05/04/2025
Document No. :: SJ-450676
Total :: 129.60
VENDOR_ADDRESS: SEASONS FROZEN FOOD SUPPLY SDN BHD
(1127633-M)
NO.11,
JALAN TAMAN SUBANG JASA 3,
TAMAN SUBANG JASA,
VENDOR_NAME: SEASONS FROZEN FOOD SUPPLY SDN BHD
Tel/Fax:: 012-3673960
Terminal :: SJ
Cashier :: SJ
Rounding Adjustment :: 0.00
Payment Method :: Debit Card
Rounded Total (RM):: 129.60
","{""tax"":""0.00"",""date"":null,""total"":null,""merchant"":null}",Groceries,complete,,2.528,,,false,
8add2d3c-5031-4d74-b09d-88fd949e9f32,14367916-d0f8-4cdd-a916-4ff1a3e11c8f,Super Seven Cash & Carry Sdn Bhd,2025-03-24,79.15,,MYR,Master,reviewed,https://mpmkbtsufihzdelrlszs.supabase.co/storage/v1/object/public/receipt_images/14367916-d0f8-4cdd-a916-4ff1a3e11c8f/1743931724174_7dbo3l87xqu.jpeg,2025-04-06 09:28:44.556988+00,2025-04-06 09:28:44.556988+00,"ADDRESS: : UPER SEVEN CASH & CARRY SDN BHD
590150-A)
ASARAYA BORONG SUPER SEVEN
10. 1 Jalan Euro 1
iff Jalan batu Tiga
Alam,40150
STREET: 10. 1 Jalan Euro 1
NAME: : UPER SEVEN CASH & CARRY SDN BHD
ADDRESS_BLOCK: 10. 1 Jalan Euro 1
iff Jalan batu Tiga
lungai Buloh Seksyen U3 Shah
Payment Method: MASTER
CARD
INVOICE_RECEIPT_DATE: 4-03-2025
INVOICE NO :: 859632
Total Sales: RM 79.14
let Total: RM 79.15
VENDOR_ADDRESS: : UPER SEVEN CASH & CARRY SDN BHD
590150-A)
ASARAYA BORONG SUPER SEVEN
10. 1 Jalan Euro 1
iff Jalan batu Tiga
Alam,40150
VENDOR_NAME: : UPER SEVEN CASH & CARRY SDN BHD
VENDOR_URL: http: //www.super7.com.my
:: (77913678)
:
COUNTER: 002
>PERATOR :: :
FARHANIM-CASHIER]
QUANTITY :: 24.424 Units
founding Adjustment: RM 0.01
","{""tax"":""Tax amount not explicitly stated; needs further investigation."",""date"":""2025-03-04"",""total"":null,""merchant"":""Correct spelling and formatting of merchant name.""}",Groceries,,,,,,false,
8f4248cd-c857-45d5-9aeb-7697f9b815b3,14367916-d0f8-4cdd-a916-4ff1a3e11c8f,SUPER SEVEN CASH & CARRY SDN BHD,2025-03-11,257.95,0.00,MYR,,reviewed,https://mpmkbtsufihzdelrlszs.supabase.co/storage/v1/object/public/receipt_images/14367916-d0f8-4cdd-a916-4ff1a3e11c8f/1743860473981_4e6bij0r6na.jpeg,2025-04-05 13:41:14.321837+00,2025-04-05 13:41:14.321837+00,"ADDRESS: IJFFR SEVEN CASH & CARRY
SDN BHD
590150-
A)
ASARAYA BORONG SUPER
SEVEN
10. 1 Jalan Euro 1
ff jalan batu Tiga
lungai Buloh Seksyen U3 Shah Alam,40150
STREET: 10. 1 Jalan Euro 1
ff
jalan batu Tiga
STREET: lungai
CITY: Shah
ZIP_CODE: Alam,40150
NAME: IJFFR SEVEN CASH & CARRY
SDN BHD
590150-
ADDRESS_BLOCK: 10. 1 Jalan Euro 1
ff
jalan batu Tiga
lungai Buloh Seksyen U3 Shah Alam,40150
Customer :: [77913678]
INVOICE_RECEIPT_DATE: 11-03-2025
INVOICE NO :: 855414
Total Sales: RM 257.97
let Total: RM 257.95
VENDOR_ADDRESS: IJFFR SEVEN CASH & CARRY
SDN BHD
590150-
A)
ASARAYA BORONG SUPER
SEVEN
10. 1 Jalan Euro 1
ff jalan batu Tiga
lungai Buloh Seksyen U3 Shah Alam,40150
VENDOR_NAME: IJFFR SEVEN CASH & CARRY
SDN BHD
590150-
VENDOR_URL: http: //www.super7.com.mry
COUNTER :: 002
OPERATOR :: [SITI NOR HASLINDA BI-CASHIER]
{JANTITY :: 15.144 Units
lounding Adjustment: RM -0.02
Payment Method: MASTER CARD
",,,,,,,,false,
91cd587f-60f0-4b1b-ba07-ca4926dc711b,14367916-d0f8-4cdd-a916-4ff1a3e11c8f,SUPER SEVEN CASH & CARRY SDN BHD,2025-03-24,79.15,0.00,MYR,MASTER,reviewed,https://mpmkbtsufihzdelrlszs.supabase.co/storage/v1/object/public/receipt_images/14367916-d0f8-4cdd-a916-4ff1a3e11c8f/1744011329753_i5oknw0vwkb.jpeg,2025-04-07 07:35:30.53848+00,2025-04-07 07:47:30.873+00,"ADDRESS: : UPER SEVEN CASH & CARRY SDN BHD
590150-A)
ASARAYA BORONG SUPER SEVEN
10. 1 Jalan Euro 1
iff Jalan batu Tiga
Alam,40150
STREET: 10. 1 Jalan Euro 1
NAME: : UPER SEVEN CASH & CARRY SDN BHD
ADDRESS_BLOCK: 10. 1 Jalan Euro 1
iff Jalan batu Tiga
lungai Buloh Seksyen U3 Shah
Payment Method: MASTER
CARD
INVOICE_RECEIPT_DATE: 4-03-2025
INVOICE NO :: 859632
Total Sales: RM 79.14
let Total: RM 79.15
VENDOR_ADDRESS: : UPER SEVEN CASH & CARRY SDN BHD
590150-A)
ASARAYA BORONG SUPER SEVEN
10. 1 Jalan Euro 1
iff Jalan batu Tiga
Alam,40150
VENDOR_NAME: : UPER SEVEN CASH & CARRY SDN BHD
VENDOR_URL: http: //www.super7.com.my
:: (77913678)
:
COUNTER: 002
>PERATOR :: :
FARHANIM-CASHIER]
QUANTITY :: 24.424 Units
founding Adjustment: RM 0.01
","{""tax"":""0"",""date"":""2025-03-04"",""total"":null,""merchant"":""Correct spelling and formatting of merchant name.""}",Groceries,complete,"Processing failed: 500 ",2.19,,,false,
967843ba-d10b-41f1-a6ae-4745c6d5f0a4,14367916-d0f8-4cdd-a916-4ff1a3e11c8f,SUPER SEVEN CASH BHD & CARRY SDN BHD,2025-03-30,62.65,0.00,MYR,MASTER,reviewed,https://mpmkbtsufihzdelrlszs.supabase.co/storage/v1/object/public/receipt_images/14367916-d0f8-4cdd-a916-4ff1a3e11c8f/1743850478553_mr5fbn1i9e.jpeg,2025-04-05 10:54:38.898115+00,2025-04-05 10:54:38.898115+00,"ADDRESS: SUPER
SEVEN
CASH BHD
& CARRY SDN
(590150-A)
PASARAYA
BORONG
SUPER SEVEN
NO. 1 Jalan
Euro 1
off
jalan batu
Tiga
Sungai Bulch Seksyen U3 Shah Alam, 40150
STREET: NO. 1 Jalan
Euro 1
off
jalan batu
Tiga
Sungai
Bulch
Seksyen U3
CITY: Shah Alam,
ZIP_CODE: 40150
NAME: SUPER
SEVEN
CASH BHD
& CARRY SDN
ADDRESS_BLOCK: NO. 1 Jalan
Euro 1
off
jalan batu
Tiga
Sungai Bulch Seksyen U3 Shah Alam, 40150
Customer
:: [77913678]
INVOICE_RECEIPT_DATE: 30-03-2025
INVOICE
NO :: 789350
Total Sales: RM 62.64
Net Total: RM 62.65
VENDOR_ADDRESS: SUPER
SEVEN
CASH BHD
& CARRY SDN
(590150-A)
PASARAYA
BORONG
SUPER SEVEN
NO. 1 Jalan
Euro 1
off
jalan batu
Tiga
Sungai Bulch Seksyen U3 Shah Alam, 40150
VENDOR_NAME: SUPER
SEVEN
CASH BHD
& CARRY SDN
VENDOR_URL: http: //www.super7.com.my/
COUNTER :: 003
OPERATOR: IFARHANUM-CASHIER]
QUANTITY
:: 10 Units
Rounding Adjustment: RM 0.01
Payment Method: MASTER CARD
",,,,,,,,false,
9d5c2cd6-64eb-49ce-a788-c5554dfdb266,14367916-d0f8-4cdd-a916-4ff1a3e11c8f,ECONSAVE CASH & CARRY (KBS) SDN BHD,2025-03-24,85.05,0.00,MYR,MASTER,reviewed,https://mpmkbtsufihzdelrlszs.supabase.co/storage/v1/object/public/receipt_images/14367916-d0f8-4cdd-a916-4ff1a3e11c8f/1743851147637_qfaz355u3pk.jpeg,2025-04-05 11:05:47.926739+00,2025-04-05 11:05:47.926739+00,"ADDRESS: ECONSAVE CASH & CARRY (KBS) SDN.
BHD.
(Co. Reg. 589340-A)
LOT 3761 JALAN 2D, KAMPUNG BARU
SEKSYEN U6,40160 SHAH ALAM,
SELANGOR DARUL EHSAN
STREET: LOT 3761 JALAN 2D, KAMPUNG BARU
STREET: SEKSYEN
CITY: SHAH ALAM,
STATE: SELANGOR DARUL EHSAN
ZIP_CODE: U6,40160
NAME: ECONSAVE CASH & CARRY (KBS) SDN.
BHD.
ADDRESS_BLOCK: LOT 3761 JALAN 2D, KAMPUNG BARU
SEKSYEN U6,40160 SHAH ALAM,
SELANGOR DARUL EHSAN
NAME: ECONSAVE
MASTER: 85.05
Total Direct Disc :: 5.40
Date :: 24/03/2025
INVOICE_RECEIPT_DATE: 24/03/25
Inv No. :: 240325/10015/10/00101
SUBTOTAL :: 85.07
TOTAL :: 85.05
Total :: 85.05
VENDOR_ADDRESS: ECONSAVE CASH & CARRY (KBS) SDN.
BHD.
(Co. Reg. 589340-A)
LOT 3761 JALAN 2D, KAMPUNG BARU
SEKSYEN U6,40160 SHAH ALAM,
SELANGOR DARUL EHSAN
VENDOR_NAME: ECONSAVE CASH & CARRY (KBS) SDN.
BHD.
VENDOR_NAME: ECONSAVE
(Co. Reg.: 589340-A)
Cashier :: 60122584 UMA
-
ROUNDING ADJ :: -0.02
Payment : -: MASTER 85.05
Card No: 5402-XXXX-XXXX-7888
APPROVAL CODE : R92610
Card No:: 5402-XXXX-XXXX-7888
APPROVAL CODE :: R92610
Total Purchased :: 7
St :: 10015
Rg :: 10
Ch :: 6012
Tr :: 101
",,,,,,,,false,
9f272e48-c19e-4e4b-b3ec-d2fa82ed884f,14367916-d0f8-4cdd-a916-4ff1a3e11c8f,MY HERO HYPERMARKET SDN BHD,2025-04-03,31.95,0.00,MYR,MASTERCARD,unreviewed,https://mpmkbtsufihzdelrlszs.supabase.co/storage/v1/object/public/receipt_images/14367916-d0f8-4cdd-a916-4ff1a3e11c8f/1744011751978_m419avne3xa.jpeg,2025-04-07 07:42:33.044844+00,2025-04-07 07:42:39.922+00,"ADDRESS: MY HERO
HYPERMARKET
SDN BHD
(Subang Jasa) 666770-U
4243, Compleks
Perniagaan Srl Gaya,
Jin Tmn
Subang Jasa 3,
40150 Selangor
STREET: 4243, Compleks
Perniagaan Srl Gaya,
Jin Tmn
Subang Jasa 3,
STATE: Selangor
ZIP_CODE: 40150
NAME: MY HERO
HYPERMARKET
SDN BHD
ADDRESS_BLOCK: 4243, Compleks
Perniagaan Srl Gaya,
Jin Tmn
Subang Jasa 3,
40150 Selangor
R29299: 31.95
Total
Saving: 0.00
INVOICE_RECEIPT_DATE: 04/03/25
Invoice No:: SJP05202503040220
Sub Total: 31.97
Total: 31.95
VENDOR_ADDRESS: MY HERO
HYPERMARKET
SDN BHD
(Subang Jasa) 666770-U
4243, Compleks
Perniagaan Srl Gaya,
Jin Tmn
Subang Jasa 3,
40150 Selangor
VENDOR_NAME: MY HERO
HYPERMARKET
SDN BHD
VENDOR_URL: https: //myinvolce.biz-edoc.com//einvoice/selfgen
te/?cc=HERO001
Cashier: HEE MAN YI
Total Item: 4
Total
Qty: 5
Rounding: -0.02
Tender: MASTERCARD 7888 APP:
Change: 0.00
Point Missed:: 15
","{""tax"":0,""date"":""2025-03-04"",""total"":null,""merchant"":null}",Groceries,complete,,1.71,,,false,
a1f22372-0682-4504-968a-c7c3518c9e28,14367916-d0f8-4cdd-a916-4ff1a3e11c8f,CARRY SUPER SEVEN CASH & SDN BHD,2025-04-02,126.95,,MYR,MASTER,reviewed,https://mpmkbtsufihzdelrlszs.supabase.co/storage/v1/object/public/receipt_images/14367916-d0f8-4cdd-a916-4ff1a3e11c8f/1743958789949_6r5suqh9lue.jpeg,2025-04-06 16:59:50.457749+00,2025-04-06 16:59:50.457749+00,"NAME: CARRY
SUPER SEVEN CASH & SDN BHD
customer :: [77913678]
INVOICE_RECEIPT_DATE: 02-04-2025
INVOICE NO :: 864877
Total Sales: RM 126.97
Tet Total: RM 126.95
VENDOR_NAME: CARRY
SUPER SEVEN CASH & SDN BHD
VENDOR_URL: http: //www.super7.com.my
COUNTER
:: 002
OPERATOR :: [FARHANIM-CASHIER]
QUANTITY :: 8.058 Units
tounding Adjustment: RM -0.02
Payment Method: MASTER CARD
","{""tax"":0,""date"":""2025-04-02"",""total"":null,""merchant"":null}",Groceries,complete,,,,,false,
a2462b2e-da7f-4091-b343-42994973b520,14367916-d0f8-4cdd-a916-4ff1a3e11c8f,SUPER SEVEN CASH & CARRY SDN BHD,2025-03-24,188.05,0.00,MYR,MASTER CARD,unreviewed,https://mpmkbtsufihzdelrlszs.supabase.co/storage/v1/object/public/receipt_images/14367916-d0f8-4cdd-a916-4ff1a3e11c8f/1744010307196_xkqh18ehv7.jpeg,2025-04-07 07:18:27.819694+00,2025-04-08 12:36:22.299+00,"ADDRESS: SUPER SEVEN CASH & CARRY SDN BHD
(590150-A)
PASARAYA BORONG SUPER SEVEN
NO 1 Jalan Euro 1
off jalan batu Tiga
Sungai Buloh Seksyen U3 Shah Alam, 40150
STREET: NO 1 Jalan Euro 1
off jalan batu Tiga
STREET: Sungai Buloh Seksyen U3
CITY: Shah Alam,
ZIP_CODE: 40150
NAME: SUPER SEVEN CASH & CARRY SDN BHD
ADDRESS_BLOCK: NO 1 Jalan Euro 1
off jalan batu Tiga
Sungai Buloh Seksyen U3 Shah Alam, 40150
Customer :: [77913678]
INVOICE_RECEIPT_DATE: 24-03-2025
INVOICE NO :: 787727
Total Sales: RM 188.07
Net Total: RM 188.05
VENDOR_ADDRESS: SUPER SEVEN CASH & CARRY SDN BHD
(590150-A)
PASARAYA BORONG SUPER SEVEN
NO 1 Jalan Euro 1
off jalan batu Tiga
Sungai Buloh Seksyen U3 Shah Alam, 40150
VENDOR_NAME: SUPER SEVEN CASH & CARRY SDN BHD
VENDOR_URL: http: //www.super7.com.my
COUNTER :: 003
OPERATOR :: [SITI NOR HASLINDA BI-CASHIER]
QUANTITY :: 20.764 Units
Rounding Adjustment: RM -0.02
Payment Method: MASTER CARD
","{""tax"":""0"",""date"":null,""total"":null,""merchant"":null}",Groceries,complete,"Processing failed: 500 ",1.84,,,false,
ad73665a-27a1-4c8c-acf9-90c4e50ced36,14367916-d0f8-4cdd-a916-4ff1a3e11c8f,"CARRY
SUPER SEVEN CASH & SDN BHD",2025-02-04,126.95,0.00,MYR,,unreviewed,https://mpmkbtsufihzdelrlszs.supabase.co/storage/v1/object/public/receipt_images/14367916-d0f8-4cdd-a916-4ff1a3e11c8f/1743859843404_wsrjbp1lju.jpeg,2025-04-05 13:30:43.769753+00,2025-04-05 13:30:43.769753+00,"NAME: CARRY
SUPER SEVEN CASH & SDN BHD
customer :: [77913678]
INVOICE_RECEIPT_DATE: 02-04-2025
INVOICE NO :: 864877
Total Sales: RM 126.97
Tet Total: RM 126.95
VENDOR_NAME: CARRY
SUPER SEVEN CASH & SDN BHD
VENDOR_URL: http: //www.super7.com.my
COUNTER
:: 002
OPERATOR :: [FARHANIM-CASHIER]
QUANTITY :: 8.058 Units
tounding Adjustment: RM -0.02
Payment Method: MASTER CARD
",,,,,,,,false,
b1afadeb-f78b-43b1-95f9-69004705086a,14367916-d0f8-4cdd-a916-4ff1a3e11c8f,SUPER SEVEN CASH BHD & CARRY SDN,2025-03-30,62.65,,MYR,Master,reviewed,https://mpmkbtsufihzdelrlszs.supabase.co/storage/v1/object/public/receipt_images/14367916-d0f8-4cdd-a916-4ff1a3e11c8f/1743930661353_kx2p18o1lpj.jpeg,2025-04-06 09:11:01.744207+00,2025-04-06 09:11:01.744207+00,"ADDRESS: SUPER
SEVEN
CASH BHD
& CARRY SDN
(590150-A)
PASARAYA
BORONG
SUPER SEVEN
NO. 1 Jalan
Euro 1
off
jalan batu
Tiga
Sungai Bulch Seksyen U3 Shah Alam, 40150
STREET: NO. 1 Jalan
Euro 1
off
jalan batu
Tiga
Sungai
Bulch
Seksyen U3
CITY: Shah Alam,
ZIP_CODE: 40150
NAME: SUPER
SEVEN
CASH BHD
& CARRY SDN
ADDRESS_BLOCK: NO. 1 Jalan
Euro 1
off
jalan batu
Tiga
Sungai Bulch Seksyen U3 Shah Alam, 40150
Customer
:: [77913678]
INVOICE_RECEIPT_DATE: 30-03-2025
INVOICE
NO :: 789350
Total Sales: RM 62.64
Net Total: RM 62.65
VENDOR_ADDRESS: SUPER
SEVEN
CASH BHD
& CARRY SDN
(590150-A)
PASARAYA
BORONG
SUPER SEVEN
NO. 1 Jalan
Euro 1
off
jalan batu
Tiga
Sungai Bulch Seksyen U3 Shah Alam, 40150
VENDOR_NAME: SUPER
SEVEN
CASH BHD
& CARRY SDN
VENDOR_URL: http: //www.super7.com.my/
COUNTER :: 003
OPERATOR: IFARHANUM-CASHIER]
QUANTITY
:: 10 Units
Rounding Adjustment: RM 0.01
Payment Method: MASTER CARD
","{""tax"":0,""date"":""2025-03-30"",""total"":null,""merchant"":null}",Groceries,,,,,,false,
b43cac5b-0c86-4a9a-bd25-b9ced4ab9b7e,14367916-d0f8-4cdd-a916-4ff1a3e11c8f,Liam Hup Hardware Sdn Bhd,2025-03-06,3.00,,MYR,Cash,reviewed,https://mpmkbtsufihzdelrlszs.supabase.co/storage/v1/object/public/receipt_images/14367916-d0f8-4cdd-a916-4ff1a3e11c8f/1743954033260_hfki68vhdpf.jpeg,2025-04-06 15:40:33.609795+00,2025-04-06 15:40:33.609795+00,"ADDRESS: LIAM HUP HARDWARE SDN BHD
601667 H
NO.96 JALAN SUBANG,
KAMPUNG BARU SUBANG,
40150 SHAH ALAM, SELANGOR.
STREET: NO.96 JALAN SUBANG,
KAMPUNG BARU SUBANG,
CITY: SHAH ALAM,
STATE: SELANGOR.
ZIP_CODE: 40150
NAME: LIAM HUP HARDWARE SDN BHD
ADDRESS_BLOCK: NO.96 JALAN SUBANG,
KAMPUNG BARU SUBANG,
40150 SHAH ALAM, SELANGOR.
CASH: 20.00
DISC :: 0.00
DATE: 06/03/2025
RECEIPT #:: CS01101652
SUB-TOTAL :: 3.00
TAX :: 0.00
TOTAL: 3.00
VENDOR_ADDRESS: LIAM HUP HARDWARE SDN BHD
601667 H
NO.96 JALAN SUBANG,
KAMPUNG BARU SUBANG,
40150 SHAH ALAM, SELANGOR.
VENDOR_NAME: LIAM HUP HARDWARE SDN BHD
TEL : H/P:: 0162055305
TIME: 14:21:00
CASHIER:
.: USER
TOTAL QTY: 1
ROUNDING :: 0.00
CHANGE: 17.00
","{""tax"":null,""date"":""2025-03-06"",""total"":null,""merchant"":null}",Shopping,,,,,,false,
d30c8b6c-d80d-45c6-8993-502f076d5342,14367916-d0f8-4cdd-a916-4ff1a3e11c8f,Liam Hup Hardware Sdn Bhd,2025-03-10,1.50,,MYR,Cash,reviewed,https://mpmkbtsufihzdelrlszs.supabase.co/storage/v1/object/public/receipt_images/14367916-d0f8-4cdd-a916-4ff1a3e11c8f/1743881556660_0xno6r8hktkg.jpeg,2025-04-05 19:32:37.067845+00,2025-04-05 19:32:37.067845+00,"ADDRESS: LIAM HUP HARDWARE SDN BHD
601667-H
NO 96 JALAN SUBANG,
KAMPUNG BARU SUBANG,
40150 SHAH ALAM, SELANGOR.
STREET: NO 96 JALAN SUBANG,
KAMPUNG BARU SUBANG,
CITY: SHAH ALAM,
STATE: SELANGOR.
ZIP_CODE: 40150
NAME: LIAM HUP HARDWARE SDN BHD
ADDRESS_BLOCK: NO 96 JALAN SUBANG,
KAMPUNG BARU SUBANG,
40150 SHAH ALAM, SELANGOR.
CASH: 20.50
DISC :: 0.00
DATE: 10/03/2025
RECEIPT #: CS01102250
SUB-TOTAL :: 1.50
TAX :: 0.00
TOTAL: 1.50
VENDOR_ADDRESS: LIAM HUP HARDWARE SDN BHD
601667-H
NO 96 JALAN SUBANG,
KAMPUNG BARU SUBANG,
40150 SHAH ALAM, SELANGOR.
VENDOR_NAME: LIAM HUP HARDWARE SDN BHD
TEL : H/P:: 0162055305
TIME:: 16:17:00
CASHIER: USER
TOTAL QTY:: 1
ROUNDING :: 0.00
CHANGE: 19.00
","{""tax"":null,""date"":""2025-03-10"",""total"":null,""merchant"":null}",Shopping,,,,,,false,
d3557232-14d9-4136-9258-ad5cc23f651c,14367916-d0f8-4cdd-a916-4ff1a3e11c8f,SEASONS,2025-04-05,56.35,0.00,MYR,Debit Card,reviewed,https://mpmkbtsufihzdelrlszs.supabase.co/storage/v1/object/public/receipt_images/14367916-d0f8-4cdd-a916-4ff1a3e11c8f/1744201348947_i52uo9iroxg.jpg,2025-04-09 12:22:31.532821+00,2025-04-09 12:22:36.096+00,"ADDRESS: EASONS FROZEN FOOD SUPPLY SDN BHD
127633-M)
O.11,
JALAN TAMAN SUBANG JASA 3,
TAMAN, SUBANG JASA,
STREET: O.11,
JALAN TAMAN SUBANG JASA 3,
STREET: TAMAN,
NAME: EASONS FROZEN FOOD SUPPLY SDN BHD
ADDRESS_BLOCK: O.11,
JALAN TAMAN SUBANG JASA 3,
TAMAN, SUBANG JASA,
NAME: SEASONS
Date :: 05/04/2025
Document No. :: SJ-450678
Total: 56.35
Payment: 56.35
VENDOR_ADDRESS: EASONS FROZEN FOOD SUPPLY SDN BHD
127633-M)
O.11,
JALAN TAMAN SUBANG JASA 3,
TAMAN, SUBANG JASA,
VENDOR_NAME: EASONS FROZEN FOOD SUPPLY SDN BHD
VENDOR_NAME: SEASONS
Tel/Fax:: 012-3673960
Terminal
:: SJ
Cashier :: SJ
Rounding Adjustment :: 0.00
Rounded Total
(RM):: 56.35
",{},Groceries,complete,,2.71,gemini-1.5-flash,ocr-ai,false,[]
d59baa04-b730-49d4-8f3d-05a67093b8fa,14367916-d0f8-4cdd-a916-4ff1a3e11c8f,PETRONAS,2025-03-19,19.99,0.00,MYR,MASTER,reviewed,https://mpmkbtsufihzdelrlszs.supabase.co/storage/v1/object/public/receipt_images/14367916-d0f8-4cdd-a916-4ff1a3e11c8f/1743201013465_cgn7rlaixjv.jpeg,2025-03-28 22:30:13.840169+00,2025-03-28 22:30:13.840169+00,"ADDRESS: Renergy Enterprise
CA 0081580-
Lot 4029, Jln 1D
STREET: Lot 4029, Jln 1D
STATE: CA
ADDRESS_BLOCK: CA 0081580-
Lot 4029, Jln 1D
NAME: PETRONAS
INVOICE_RECEIPT_DATE: 19MAR2025
Invoice No: 3e7377
TOTAL: RM19.99
VENDOR_ADDRESS: Renergy Enterprise
CA 0081580-
Lot 4029, Jln 1D
VENDOR_NAME: PETRONAS
VENDOR_PHONE: 0378467076
card Desc: Mastercard
Terminal: 06050007
Site Id: 401500026202101
site Tran No: 015932
POS STAN: 852234
Ref: 000011005553
card: 7888
Card Exp: XX/XX
AC Type: Credit
B. Approval: R88337
TC: 6DF7FAC987998321
App: MASTERCARD
App ID: A0000000041010
APPROVED: 00
PRIMAX 95: RM19.99
",,,,,,,,false,
d95f21a2-c8ad-4f3a-aa3e-afd5a5809cc6,14367916-d0f8-4cdd-a916-4ff1a3e11c8f,SEASONS FROZEN FOOD SUPPLY SDN BHD,2025-04-05,11.60,0.00,MYR,Cash,unreviewed,https://mpmkbtsufihzdelrlszs.supabase.co/storage/v1/object/public/receipt_images/14367916-d0f8-4cdd-a916-4ff1a3e11c8f/1744186367433_l1i6s4gb48.jpg,2025-04-09 08:12:49.583669+00,2025-04-09 08:12:54.392+00,"ADDRESS: SEASONS FROZEN FOOD SUPPLY SDN BHD
(1127633-M)
NO.11,
JALAN TAMAN SUBANG JASA 3,
TAMAN SUBANG JASA,
STREET: NO.11,
JALAN TAMAN SUBANG JASA 3,
NAME: SEASONS FROZEN FOOD SUPPLY SDN BHD
ADDRESS_BLOCK: NO.11,
JALAN TAMAN SUBANG JASA 3,
Payment Method :: Cash
Payment: 21.60
Date :: 05/04/2025
Document No. :: SJ-450677
Total :: 11.60
VENDOR_ADDRESS: SEASONS FROZEN FOOD SUPPLY SDN BHD
(1127633-M)
NO.11,
JALAN TAMAN SUBANG JASA 3,
TAMAN SUBANG JASA,
VENDOR_NAME: SEASONS FROZEN FOOD SUPPLY SDN BHD
Tel/Fax:: 012-3673960
Terminal :: SJ
Cashier :: SJ
Rounding Adjustment :: 0.00
Rounded Total (RM):: 11.60
Cash Change: 10.00
","{""tax"":""0.00"",""date"":null,""total"":null,""merchant"":null}",Groceries,complete,,2.678,,,false,
db18a2a0-da36-49b7-89f3-ae70d391e54d,14367916-d0f8-4cdd-a916-4ff1a3e11c8f,AK NAIMI HOLDING SDN BHD,2025-04-08,87.50,0.00,MYR,MASTER,reviewed,https://mpmkbtsufihzdelrlszs.supabase.co/storage/v1/object/public/receipt_images/14367916-d0f8-4cdd-a916-4ff1a3e11c8f/1744201284665_1vsxqip09d.jpg,2025-04-09 12:21:25.825649+00,2025-04-09 12:21:30.688+00,"ADDRESS: AK NAIMI HOLDING SDN BHD
(1423822-T)
No 7, Jalan Alfa F U6/F, Seksyen U6
Pusat Perdagangan Subang Permai,
40150 Shah Alam, Selangor.
STREET: No 7, Jalan Alfa F U6/F, Seksyen U6
Pusat Perdagangan Subang Permai,
CITY: Shah Alam,
STATE: Selangor.
ZIP_CODE: 40150
NAME: AK NAIMI HOLDING SDN BHD
ADDRESS_BLOCK: No 7, Jalan Alfa F U6/F, Seksyen U6
Pusat Perdagangan Subang Permai,
40150 Shah Alam, Selangor.
Cash Received :: 0.00
MASTER :: 87.50
INVOICE_RECEIPT_DATE: 08 Apr 2025
Inv No:: CS-0017373
Total Payable :: 87.50
Total Payable :: 87.50
VENDOR_ADDRESS: AK NAIMI HOLDING SDN BHD
(1423822-T)
No 7, Jalan Alfa F U6/F, Seksyen U6
Pusat Perdagangan Subang Permai,
40150 Shah Alam, Selangor.
VENDOR_NAME: AK NAIMI HOLDING SDN BHD
TEL:: 012-600 2186
S/P:: SALES
Item Count :: 5.0000
Change :: 0.00
",{},,complete,,3.292,gemini-1.5-pro,ai-vision,false,[]
dd6b7b93-5dec-4ebb-a9d2-a4b97c9929b3,14367916-d0f8-4cdd-a916-4ff1a3e11c8f,ECONSAVE CASH & CARRY (KBS) SDN. BHD,2025-03-24,85.05,0.00,MYR,MASTER,reviewed,https://mpmkbtsufihzdelrlszs.supabase.co/storage/v1/object/public/receipt_images/14367916-d0f8-4cdd-a916-4ff1a3e11c8f/1743932512793_e95cyequete.jpeg,2025-04-06 09:41:53.169074+00,2025-04-06 09:41:53.169074+00,"ADDRESS: ECONSAVE CASH & CARRY (KBS) SDN.
BHD.
(Co. Reg. 589340-A)
LOT 3761 JALAN 2D, KAMPUNG BARU
SEKSYEN U6,40160 SHAH ALAM,
SELANGOR DARUL EHSAN
STREET: LOT 3761 JALAN 2D, KAMPUNG BARU
STREET: SEKSYEN
CITY: SHAH ALAM,
STATE: SELANGOR DARUL EHSAN
ZIP_CODE: U6,40160
NAME: ECONSAVE CASH & CARRY (KBS) SDN.
BHD.
ADDRESS_BLOCK: LOT 3761 JALAN 2D, KAMPUNG BARU
SEKSYEN U6,40160 SHAH ALAM,
SELANGOR DARUL EHSAN
NAME: ECONSAVE
MASTER: 85.05
Total Direct Disc :: 5.40
Date :: 24/03/2025
INVOICE_RECEIPT_DATE: 24/03/25
Inv No. :: 240325/10015/10/00101
SUBTOTAL :: 85.07
TOTAL :: 85.05
Total :: 85.05
VENDOR_ADDRESS: ECONSAVE CASH & CARRY (KBS) SDN.
BHD.
(Co. Reg. 589340-A)
LOT 3761 JALAN 2D, KAMPUNG BARU
SEKSYEN U6,40160 SHAH ALAM,
SELANGOR DARUL EHSAN
VENDOR_NAME: ECONSAVE CASH & CARRY (KBS) SDN.
BHD.
VENDOR_NAME: ECONSAVE
(Co. Reg.: 589340-A)
Cashier :: 60122584 UMA
-
ROUNDING ADJ :: -0.02
Payment : -: MASTER 85.05
Card No: 5402-XXXX-XXXX-7888
APPROVAL CODE : R92610
Card No:: 5402-XXXX-XXXX-7888
APPROVAL CODE :: R92610
Total Purchased :: 7
St :: 10015
Rg :: 10
Ch :: 6012
Tr :: 101
",,Groceries,,,,,,false,
e58d1310-57d7-4cbf-ba16-9e2138598bae,14367916-d0f8-4cdd-a916-4ff1a3e11c8f,SUPER SEVEN CASH & CARRY SDN BHD,2025-03-19,22.90,,MYR,ATM CARD,reviewed,https://mpmkbtsufihzdelrlszs.supabase.co/storage/v1/object/public/receipt_images/14367916-d0f8-4cdd-a916-4ff1a3e11c8f/1743029337294.jpeg,2025-03-26 22:48:58.136767+00,2025-03-26 22:48:58.136767+00,"ADDRESS: SUPER SEVEN CASH & CARRY SDN
(590150-A)
PASARAYA BORONG SUPER SEVEN
NO. 1 Jalan Euro 1
off jalan batu Tiga
Sungai Buloh Seksyen U3 Shah Alam, 40150
STREET: NO. 1 Jalan Euro 1
off jalan batu Tiga
STREET: Sungai Buloh Seksyen U3
CITY: Shah Alam,
ZIP_CODE: 40150
ADDRESS_BLOCK: NO. 1 Jalan Euro 1
off jalan batu Tiga
Sungai Buloh Seksyen U3 Shah Alam, 40150
NAME: CASH & CARRY SDN BHD
Customer :: [77913678]
INVOICE_RECEIPT_DATE: 19-03-2025
INVOICE NO :: 887055
Total Sales: RM 22.90
Net Total: RM 22.90
VENDOR_ADDRESS: SUPER SEVEN CASH & CARRY SDN
(590150-A)
PASARAYA BORONG SUPER SEVEN
NO. 1 Jalan Euro 1
off jalan batu Tiga
Sungai Buloh Seksyen U3 Shah Alam, 40150
VENDOR_NAME: CASH & CARRY SDN BHD
VENDOR_URL: http: //www.super7.com.my
COUNTER :: 001
OPERATOR :: [MUHAMMAD SAFWAN-CASHIER]
QUANTITY :: 2 Units
Rounding Adjustment: RM 0.00
Payment Method: ATM CARD
","{""tax"":0,""date"":""2025-03-19"",""total"":null,""merchant"":null}",Groceries,,,,,,false,
f24c2ba6-caf4-425c-9ff9-0c86565302a5,14367916-d0f8-4cdd-a916-4ff1a3e11c8f,LIAM HUP HARDWARE SDN BHD,2025-06-03,3.00,0.00,MYR,CASH,reviewed,https://mpmkbtsufihzdelrlszs.supabase.co/storage/v1/object/public/receipt_images/14367916-d0f8-4cdd-a916-4ff1a3e11c8f/1743286609930_6ot15d20pfv.jpeg,2025-03-29 22:16:50.235409+00,2025-03-29 22:16:50.235409+00,"ADDRESS: LIAM HUP HARDWARE SDN BHD
601667 H
NO.96 JALAN SUBANG,
KAMPUNG BARU SUBANG,
40150 SHAH ALAM, SELANGOR.
STREET: NO.96 JALAN SUBANG,
KAMPUNG BARU SUBANG,
CITY: SHAH ALAM,
STATE: SELANGOR.
ZIP_CODE: 40150
NAME: LIAM HUP HARDWARE SDN BHD
ADDRESS_BLOCK: NO.96 JALAN SUBANG,
KAMPUNG BARU SUBANG,
40150 SHAH ALAM, SELANGOR.
CASH: 20.00
DISC :: 0.00
DATE: 06/03/2025
RECEIPT #:: CS01101652
SUB-TOTAL :: 3.00
TAX :: 0.00
TOTAL: 3.00
VENDOR_ADDRESS: LIAM HUP HARDWARE SDN BHD
601667 H
NO.96 JALAN SUBANG,
KAMPUNG BARU SUBANG,
40150 SHAH ALAM, SELANGOR.
VENDOR_NAME: LIAM HUP HARDWARE SDN BHD
TEL : H/P:: 0162055305
TIME: 14:21:00
CASHIER:
.: USER
TOTAL QTY: 1
ROUNDING :: 0.00
CHANGE: 17.00
",,,,,,,,false,
f9c44d2e-735a-4f34-ac70-19bfa2b3680b,14367916-d0f8-4cdd-a916-4ff1a3e11c8f,PETRONAS,2025-03-10,30.24,0.00,MYR,,unreviewed,https://mpmkbtsufihzdelrlszs.supabase.co/storage/v1/object/public/receipt_images/14367916-d0f8-4cdd-a916-4ff1a3e11c8f/1743863112923_j8m7y7lw7me.jpeg,2025-04-05 14:25:13.312802+00,2025-04-05 14:25:13.312802+00,"ADDRESS: Renergy Enterprise
CA 0081580 P
-
Lot 4029, Jln 1D
STREET: Lot 4029, Jln 1D
STATE: CA
ADDRESS_BLOCK: CA 0081580 P
-
Lot 4029, Jln 1D
NAME: PETRONAS
NAME: PETRONAS
INVOICE_RECEIPT_DATE: 10MAR2025
Invoice No: 5f7ca0
TOTAL: RM30.24
VENDOR_ADDRESS: Renergy Enterprise
CA 0081580 P
-
Lot 4029, Jln 1D
VENDOR_NAME: PETRONAS
VENDOR_NAME: PETRONAS
VENDOR_PHONE: 0378467076
Card Desc: Mastercard
Terminal: 06050003
Site I d: 401500026202101
Site Tran NO: 014297
POS STAN: 844922
Rei: 000011005207
Card: 7888
Card Exp: XX/XX
AC Type: Credit
B. Approval: R07650
TC: EAA89111B35FC1AE
App: MASTERCARD
App ID: A0000000041010
APPROVED: 00
PRIMAX 95: RM30.24
",,,,,,,,false,
fe128755-cdd9-40c7-8744-fa3932e9911a,14367916-d0f8-4cdd-a916-4ff1a3e11c8f,MY HERO HYPERMARKET SDN BHD,2025-03-06,29.20,0.00,MYR,Cash,reviewed,https://mpmkbtsufihzdelrlszs.supabase.co/storage/v1/object/public/receipt_images/14367916-d0f8-4cdd-a916-4ff1a3e11c8f/1743860079117_21aoinl3def.jpeg,2025-04-05 13:34:39.425377+00,2025-04-05 13:34:39.425377+00,"ADDRESS: MY HERO HYPERMARKET SDN BHD
(Subang Jasa) 666770-U
4243, Compleks Perniagaan Sri Gaya,
Jln Tmn Subang Jasa 3,
40150 Selangor
STREET: 4243, Compleks Perniagaan Sri Gaya,
Jln Tmn Subang Jasa 3,
STATE: Selangor
ZIP_CODE: 40150
NAME: MY HERO
HYPERMARKET SDN BHD
ADDRESS_BLOCK: 4243, Compleks Perniagaan Sri Gaya,
Jln Tmn Subang Jasa 3,
40150 Selangor
CASH: 50.00
Total Saving: 0.00
INVOICE_RECEIPT_DATE: 06/03/25
Invoice No:: SJP02202503060133
Sub Total: 29.20
Total: 29.20
VENDOR_ADDRESS: MY HERO HYPERMARKET SDN BHD
(Subang Jasa) 666770-U
4243, Compleks Perniagaan Sri Gaya,
Jln Tmn Subang Jasa 3,
40150 Selangor
VENDOR_NAME: MY HERO
HYPERMARKET SDN BHD
URL:: https: //myinvoice.biz-edoc.com/#/einvoice/selfgen
erate/?cc=HERO001
Cashier :: NORFAEZAH BT JAILANI
Total Item: 4
Total Qty: 6
Rounding: 0.00
Tender: CASH 50.00
Change 20.80
Change: 20.80
Point Missed:: 14
","{""tax"":0,""date"":""2025-03-06"",""total"":null,""merchant"":null}",Groceries,,,,,,false,